{
  "scenario_name": "web_analysis",
  "timestamp": "2025-08-19T17:28:51.774888",
  "true_source": {
    "x": 617.2837583482533,
    "y": 635.7959392827271,
    "z": 99.99958268541745,
    "emission_rate": 12.423324790309886
  },
  "algorithm_results": {
    "standard": {
      "position": [
        -902.7865765925986,
        -7.152452947344159,
        51.67087189936363
      ],
      "emission_rate": 0.001,
      "position_error": 1651.1608409009307,
      "emission_error": 99.99195062499872,
      "computation_time": 4.047362327575684,
      "objective_value": 8.609937562358289e-05,
      "composite_score": 1751.2202475647223
    }
  },
  "performance_summary": {
    "best_algorithm": "standard",
    "best_score": 1751.2202475647223,
    "total_algorithms_tested": 1,
    "average_position_error": 1651.1608409009307,
    "average_emission_error": 99.99195062499872,
    "total_computation_time": 4.047362327575684,
    "average_computation_time": 4.047362327575684
  },
  "recommendations": [
    "算法性能需要改进，建议调整参数或尝试其他方法"
  ]
}