{
  "scenario_name": "web_analysis",
  "timestamp": "2025-08-19T17:02:46.374274",
  "true_source": {
    "x": 617.2823192966694,
    "y": 635.7938382174063,
    "z": 99.99994948433869,
    "emission_rate": 12.423528990704103
  },
  "algorithm_results": {
    "standard": {
      "position": [
        616.461023805529,
        633.0995701650701,
        97.68823161608891
      ],
      "emission_rate": 12.04076010913596,
      "position_error": 0.0,
      "emission_error": 0.0,
      "computation_time": 17.25784468650818,
      "objective_value": 0.07024199614947936,
      "composite_score": 0.28763074477513634
    }
  },
  "performance_summary": {
    "best_algorithm": "standard",
    "best_score": 0.28763074477513634,
    "total_algorithms_tested": 1,
    "average_position_error": 0.0,
    "average_emission_error": 0.0,
    "total_computation_time": 17.25784468650818,
    "average_computation_time": 17.25784468650818
  },
  "recommendations": [
    "算法性能优秀，建议在实际应用中使用"
  ]
}