{
  "scenario_name": "web_analysis",
  "timestamp": "2025-08-18T17:38:04.638661",
  "true_source": {
    "x": 150.0,
    "y": 200.0,
    "z": 25.0,
    "emission_rate": 2.5
  },
  "algorithm_results": {
    "standard": {
      "position": [
        147.48656914040149,
        194.87533512036475,
        25.327911543483964
      ],
      "emission_rate": 2.5784972078742023,
      "position_error": 5.71725902814444,
      "emission_error": 3.139888314968094,
      "computation_time": 145.28430271148682,
      "objective_value": 0.03959672176023697,
      "composite_score": 11.27855238830398
    }
  },
  "performance_summary": {
    "best_algorithm": "standard",
    "best_score": 11.27855238830398,
    "total_algorithms_tested": 1,
    "average_position_error": 5.71725902814444,
    "average_emission_error": 3.139888314968094,
    "average_computation_time": 145.28430271148682,
    "total_computation_time": 145.28430271148682
  },
  "recommendations": [
    "算法性能需要改进，建议调整参数或尝试其他方法",
    "计算时间较长，建议启用并行计算或减少种群大小"
  ]
}