{
  "scenario_name": "web_analysis",
  "timestamp": "2025-08-18T17:08:24.124693",
  "true_source": {
    "x": 150.0,
    "y": 200.0,
    "z": 25.0,
    "emission_rate": 2.5
  },
  "algorithm_results": {
    "standard": {
      "position": [
        -5.651334927837103,
        740.7105201345803,
        100.0
      ],
      "emission_rate": 38.77200913015087,
      "position_error": 0.0,
      "emission_error": 0.0,
      "computation_time": 4.711068153381348,
      "objective_value": 3.3011737534619368,
      "composite_score": 0.07851780255635579
    }
  },
  "performance_summary": {
    "best_algorithm": "standard",
    "best_score": 0.07851780255635579,
    "total_algorithms_tested": 1,
    "average_position_error": 0.0,
    "average_emission_error": 0.0,
    "average_computation_time": 4.711068153381348,
    "total_computation_time": 4.711068153381348
  },
  "recommendations": [
    "算法性能优秀，建议在实际应用中使用"
  ]
}